{
	"info": {
		"_postman_id": "fbb02708-58ea-45da-a31c-b3ad79fff345",
		"name": "VeganCheck API",
		"description": "API for checking if products and ingredients are vegan\n\nContact Support:\n Name: VeganCheck Team\n Email: info@vegancheck.me",
		"schema": "https://schema.getpostman.com/json/collection/v2.1.0/collection.json"
	},
	"item": [
		{
			"name": "Gives out the name of a product, if the product is vegan or not, if the product is vegetarian or not, if the product is animal cruelty free, if the product contains palmoil, the nutriscore of the product and the VeganCheck Grade of the product as well where this data comes from.",
			"request": {
				"method": "POST",
				"header": [],
				"url": {
					"raw": "{{baseUrl}}/product/:barcode",
					"host": [
						"{{baseUrl}}"
					],
					"path": [
						"product",
						":barcode"
					],
					"variable": [
						{
							"key": "barcode",
							"value": "pariatur Lorem Duis mollit",
							"description": "(Required) The barcode of the product"
						}
					]
				}
			},
			"response": [
				{
					"name": "OK",
					"originalRequest": {
						"method": "POST",
						"header": [],
						"url": {
							"raw": "{{baseUrl}}/product/:barcode",
							"host": [
								"{{baseUrl}}"
							],
							"path": [
								"product",
								":barcode"
							],
							"variable": [
								{
									"key": "barcode",
									"value": "pariatur Lorem Duis mollit",
									"description": "(Required) The barcode of the product"
								}
							]
						}
					},
					"status": "OK",
					"code": 200,
					"_postman_previewlanguage": "text",
					"header": [
						{
							"key": "Content-Type",
							"value": "text/plain"
						}
					],
					"cookie": [],
					"body": ""
				},
				{
					"name": "Wrong/bad/missing argument",
					"originalRequest": {
						"method": "POST",
						"header": [],
						"url": {
							"raw": "{{baseUrl}}/product/:barcode",
							"host": [
								"{{baseUrl}}"
							],
							"path": [
								"product",
								":barcode"
							],
							"variable": [
								{
									"key": "barcode",
									"value": "pariatur Lorem Duis mollit",
									"description": "(Required) The barcode of the product"
								}
							]
						}
					},
					"status": "Bad Request",
					"code": 400,
					"_postman_previewlanguage": "text",
					"header": [
						{
							"key": "Content-Type",
							"value": "text/plain"
						}
					],
					"cookie": [],
					"body": ""
				},
				{
					"name": "Product not found",
					"originalRequest": {
						"method": "POST",
						"header": [],
						"url": {
							"raw": "{{baseUrl}}/product/:barcode",
							"host": [
								"{{baseUrl}}"
							],
							"path": [
								"product",
								":barcode"
							],
							"variable": [
								{
									"key": "barcode",
									"value": "pariatur Lorem Duis mollit",
									"description": "(Required) The barcode of the product"
								}
							]
						}
					},
					"status": "Not Found",
					"code": 404,
					"_postman_previewlanguage": "text",
					"header": [
						{
							"key": "Content-Type",
							"value": "text/plain"
						}
					],
					"cookie": [],
					"body": ""
				},
				{
					"name": "Rate limit exceeded",
					"originalRequest": {
						"method": "POST",
						"header": [],
						"url": {
							"raw": "{{baseUrl}}/product/:barcode",
							"host": [
								"{{baseUrl}}"
							],
							"path": [
								"product",
								":barcode"
							],
							"variable": [
								{
									"key": "barcode",
									"value": "pariatur Lorem Duis mollit",
									"description": "(Required) The barcode of the product"
								}
							]
						}
					},
					"status": "Too Many Requests",
					"code": 429,
					"_postman_previewlanguage": "text",
					"header": [
						{
							"key": "Content-Type",
							"value": "text/plain"
						}
					],
					"cookie": [],
					"body": ""
				},
				{
					"name": "Server error",
					"originalRequest": {
						"method": "POST",
						"header": [],
						"url": {
							"raw": "{{baseUrl}}/product/:barcode",
							"host": [
								"{{baseUrl}}"
							],
							"path": [
								"product",
								":barcode"
							],
							"variable": [
								{
									"key": "barcode",
									"value": "pariatur Lorem Duis mollit",
									"description": "(Required) The barcode of the product"
								}
							]
						}
					},
					"status": "Internal Server Error",
					"code": 500,
					"_postman_previewlanguage": "text",
					"header": [
						{
							"key": "Content-Type",
							"value": "text/plain"
						}
					],
					"cookie": [],
					"body": ""
				},
				{
					"name": "Database server took to long to respond",
					"originalRequest": {
						"method": "POST",
						"header": [],
						"url": {
							"raw": "{{baseUrl}}/product/:barcode",
							"host": [
								"{{baseUrl}}"
							],
							"path": [
								"product",
								":barcode"
							],
							"variable": [
								{
									"key": "barcode",
									"value": "pariatur Lorem Duis mollit",
									"description": "(Required) The barcode of the product"
								}
							]
						}
					},
					"status": "Gateway Timeout",
					"code": 504,
					"_postman_previewlanguage": "text",
					"header": [
						{
							"key": "Content-Type",
							"value": "text/plain"
						}
					],
					"cookie": [],
					"body": ""
				}
			]
		},
		{
			"name": "Check if ingredients out of a ingredientslist are vegan",
			"request": {
				"method": "GET",
				"header": [],
				"url": {
					"raw": "{{baseUrl}}/ingredients/:ingredientslist",
					"host": [
						"{{baseUrl}}"
					],
					"path": [
						"ingredients",
						":ingredientslist"
					],
					"variable": [
						{
							"key": "ingredientslist",
							"value": "pariatur Lorem Duis mollit",
							"description": "(Required) A comma- and space-separated list of ingredients to check"
						}
					]
				}
			},
			"response": [
				{
					"name": "OK",
					"originalRequest": {
						"method": "GET",
						"header": [],
						"url": {
							"raw": "{{baseUrl}}/ingredients/:ingredientslist",
							"host": [
								"{{baseUrl}}"
							],
							"path": [
								"ingredients",
								":ingredientslist"
							],
							"variable": [
								{
									"key": "ingredientslist",
									"value": "pariatur Lorem Duis mollit",
									"description": "(Required) A comma- and space-separated list of ingredients to check"
								}
							]
						}
					},
					"status": "OK",
					"code": 200,
					"_postman_previewlanguage": "text",
					"header": [
						{
							"key": "Content-Type",
							"value": "text/plain"
						}
					],
					"cookie": [],
					"body": ""
				},
				{
					"name": "Missing required parameter",
					"originalRequest": {
						"method": "GET",
						"header": [],
						"url": {
							"raw": "{{baseUrl}}/ingredients/:ingredientslist",
							"host": [
								"{{baseUrl}}"
							],
							"path": [
								"ingredients",
								":ingredientslist"
							],
							"variable": [
								{
									"key": "ingredientslist",
									"value": "pariatur Lorem Duis mollit",
									"description": "(Required) A comma- and space-separated list of ingredients to check"
								}
							]
						}
					},
					"status": "Bad Request",
					"code": 400,
					"_postman_previewlanguage": "text",
					"header": [
						{
							"key": "Content-Type",
							"value": "text/plain"
						}
					],
					"cookie": [],
					"body": ""
				},
				{
					"name": "Missing required parameter",
					"originalRequest": {
						"method": "GET",
						"header": [],
						"url": {
							"raw": "{{baseUrl}}/ingredients/:ingredientslist",
							"host": [
								"{{baseUrl}}"
							],
							"path": [
								"ingredients",
								":ingredientslist"
							],
							"variable": [
								{
									"key": "ingredientslist",
									"value": "pariatur Lorem Duis mollit",
									"description": "(Required) A comma- and space-separated list of ingredients to check"
								}
							]
						}
					},
					"status": "Not Found",
					"code": 404,
					"_postman_previewlanguage": "text",
					"header": [
						{
							"key": "Content-Type",
							"value": "text/plain"
						}
					],
					"cookie": [],
					"body": ""
				},
				{
					"name": "Server error",
					"originalRequest": {
						"method": "GET",
						"header": [],
						"url": {
							"raw": "{{baseUrl}}/ingredients/:ingredientslist",
							"host": [
								"{{baseUrl}}"
							],
							"path": [
								"ingredients",
								":ingredientslist"
							],
							"variable": [
								{
									"key": "ingredientslist",
									"value": "pariatur Lorem Duis mollit",
									"description": "(Required) A comma- and space-separated list of ingredients to check"
								}
							]
						}
					},
					"status": "Internal Server Error",
					"code": 500,
					"_postman_previewlanguage": "text",
					"header": [
						{
							"key": "Content-Type",
							"value": "text/plain"
						}
					],
					"cookie": [],
					"body": ""
				}
			]
		},
		{
			"name": "Get a automatically daily-updated list of brands that produce animal cruelty free according to PETA",
			"request": {
				"method": "GET",
				"header": [],
				"url": {
					"raw": "{{baseUrl}}/peta/crueltyfree",
					"host": [
						"{{baseUrl}}"
					],
					"path": [
						"peta",
						"crueltyfree"
					]
				}
			},
			"response": [
				{
					"name": "OK",
					"originalRequest": {
						"method": "GET",
						"header": [],
						"url": {
							"raw": "{{baseUrl}}/peta/crueltyfree",
							"host": [
								"{{baseUrl}}"
							],
							"path": [
								"peta",
								"crueltyfree"
							]
						}
					},
					"status": "OK",
					"code": 200,
					"_postman_previewlanguage": "text",
					"header": [
						{
							"key": "Content-Type",
							"value": "text/plain"
						}
					],
					"cookie": [],
					"body": ""
				},
				{
					"name": "Missing required parameter",
					"originalRequest": {
						"method": "GET",
						"header": [],
						"url": {
							"raw": "{{baseUrl}}/peta/crueltyfree",
							"host": [
								"{{baseUrl}}"
							],
							"path": [
								"peta",
								"crueltyfree"
							]
						}
					},
					"status": "Bad Request",
					"code": 400,
					"_postman_previewlanguage": "text",
					"header": [
						{
							"key": "Content-Type",
							"value": "text/plain"
						}
					],
					"cookie": [],
					"body": ""
				},
				{
					"name": "Server error",
					"originalRequest": {
						"method": "GET",
						"header": [],
						"url": {
							"raw": "{{baseUrl}}/peta/crueltyfree",
							"host": [
								"{{baseUrl}}"
							],
							"path": [
								"peta",
								"crueltyfree"
							]
						}
					},
					"status": "Internal Server Error",
					"code": 500,
					"_postman_previewlanguage": "text",
					"header": [
						{
							"key": "Content-Type",
							"value": "text/plain"
						}
					],
					"cookie": [],
					"body": ""
				}
			]
		}
	],
	"variable": [
		{
			"key": "baseUrl",
			"value": "https://api.vegancheck.me/v0",
			"type": "string"
		}
	]
}